PRAGMA foreign_keys=OFF;
BEGIN TRANSACTION;
CREATE TABLE "schema_migrations" ("version" varchar(255) NOT NULL);
INSERT INTO "schema_migrations" VALUES('20120310203844');
INSERT INTO "schema_migrations" VALUES('20120310233004');
INSERT INTO "schema_migrations" VALUES('20120310233027');
INSERT INTO "schema_migrations" VALUES('20120311191123');
INSERT INTO "schema_migrations" VALUES('20120311194938');
INSERT INTO "schema_migrations" VALUES('20120311195315');
INSERT INTO "schema_migrations" VALUES('20120311210854');
INSERT INTO "schema_migrations" VALUES('20120311211734');
INSERT INTO "schema_migrations" VALUES('20120313204955');
INSERT INTO "schema_migrations" VALUES('20120317002051');
INSERT INTO "schema_migrations" VALUES('20120317003803');
INSERT INTO "schema_migrations" VALUES('20120317011408');
INSERT INTO "schema_migrations" VALUES('20120317021921');
INSERT INTO "schema_migrations" VALUES('20120317025104');
CREATE TABLE "posts" ("id" serial PRIMARY KEY  NOT NULL, "name" varchar(255), "title" varchar(255), "content" text, "created_at" timestamp NOT NULL, "updated_at" timestamp NOT NULL);
INSERT INTO "posts" VALUES(1,'Ramma','Jamma','Hello','2012-03-10 21:57:22.247689','2012-03-10 21:57:22.247689');
CREATE TABLE "models" ("id" INTEGER PRIMARY KEY  NOT NULL, "email" varchar(255) DEFAULT '' NOT NULL, "encrypted_password" varchar(255) DEFAULT '' NOT NULL, "reset_password_token" varchar(255), "reset_password_sent_at" timestamp, "remember_created_at" timestamp, "sign_in_count" integer DEFAULT 0, "current_sign_in_at" timestamp, "last_sign_in_at" timestamp, "current_sign_in_ip" varchar(255), "last_sign_in_ip" varchar(255), "created_at" timestamp NOT NULL, "updated_at" timestamp NOT NULL);
CREATE TABLE "users" ("id" INTEGER PRIMARY KEY  NOT NULL, "email" varchar(255) DEFAULT '' NOT NULL, "encrypted_password" varchar(255) DEFAULT '' NOT NULL, "reset_password_token" varchar(255), "reset_password_sent_at" timestamp, "remember_created_at" timestamp, "sign_in_count" integer DEFAULT 0, "current_sign_in_at" timestamp, "last_sign_in_at" timestamp, "current_sign_in_ip" varchar(255), "last_sign_in_ip" varchar(255), "created_at" timestamp NOT NULL, "updated_at" timestamp NOT NULL, "first_name" varchar(255), "last_name" varchar(255), "profile_image_url" varchar(255));
INSERT INTO "users" VALUES(249,'alex.jonas@mailinator.com','$2a$10$v74EzeZaaYUiJ2TwpML.BuwoL8DP3QRHEyD1F1XBqg07nDPud3mFe',NULL,NULL,NULL,0,NULL,NULL,NULL,NULL,'2012-03-17 00:10:42.238667','2012-03-17 02:32:39.578684','Alex','Jonas',NULL);
INSERT INTO "users" VALUES(250,'anders.klemmer@mailinator.com','$2a$10$gbHrNBMpM5JUzPvH6SkPA.zCcmuMJiixZav5g.K1bvJrh9xee0gbe',NULL,NULL,NULL,0,NULL,NULL,NULL,NULL,'2012-03-17 00:10:42.324612','2012-03-17 00:10:42.324612','Anders','Klemmer',NULL);
INSERT INTO "users" VALUES(251,'beau.pierce@mailinator.com','$2a$10$0TEoULatVxVMZCwlS5XeMO.n4yNtC9w08Ohos7uTOpoBpQX3hc9Ym',NULL,NULL,NULL,0,NULL,NULL,NULL,NULL,'2012-03-17 00:10:42.398974','2012-03-17 00:10:42.398974','Beau','Pierce',NULL);
INSERT INTO "users" VALUES(252,'bob.abernathy@mailinator.com','$2a$10$xICreHEnbk9J91AyX9FDRe9vaAnHlutQYHlHpylc8zJTMGmhbwH7G',NULL,NULL,NULL,0,NULL,NULL,NULL,NULL,'2012-03-17 00:10:42.474775','2012-03-17 00:10:42.474775','Bob','Abernathy',NULL);
INSERT INTO "users" VALUES(253,'brian.joost@mailinator.com','$2a$10$mkyod1DbuwNlb6Z6tOrX4.63QEjgXakjjDZduOxTmhK4b7wo2JyEK',NULL,NULL,NULL,0,NULL,NULL,NULL,NULL,'2012-03-17 00:10:42.548224','2012-03-17 00:10:42.548224','Brian','Joost',NULL);
INSERT INTO "users" VALUES(254,'brian.pianca@mailinator.com','$2a$10$PRecknS2nj74y6ar17w5SOqUFmgdxQtE0BKVl.IWUdZRjLlzqiGSO',NULL,NULL,NULL,0,NULL,NULL,NULL,NULL,'2012-03-17 00:10:42.622680','2012-03-17 00:10:42.622680','Brian','Pianca',NULL);
INSERT INTO "users" VALUES(255,'bryan.crawley@mailinator.com','$2a$10$3AIfDOgWASeKKFwD7hcLJugjfF/YzAqhTxSMmYT9KVmK8KZGXX7RG',NULL,NULL,NULL,0,NULL,NULL,NULL,NULL,'2012-03-17 00:10:42.697231','2012-03-17 00:10:42.697231','Bryan','Crawley',NULL);
INSERT INTO "users" VALUES(256,'casey.ueberroth@mailinator.com','$2a$10$FGb3R9uHrAwtjuNLp.melefFlXHXQEcHiOX0yGd2GgJ8G2TLgQVQe',NULL,NULL,NULL,0,NULL,NULL,NULL,NULL,'2012-03-17 00:10:42.772212','2012-03-17 00:10:42.772212','Casey','Ueberroth',NULL);
INSERT INTO "users" VALUES(257,'chris.buck@mailinator.com','$2a$10$2sPfhIiFW5cO95cJGqsl3e5WwXQvmbAsvMvYXT1I15pDoAYcnR41S',NULL,NULL,NULL,0,NULL,NULL,NULL,NULL,'2012-03-17 00:10:42.862435','2012-03-17 00:10:42.862435','Chris','Buck',NULL);
INSERT INTO "users" VALUES(258,'dave.pickering@mailinator.com','$2a$10$FLMZ4GS8dpfGyEOZdtImYOa0exc.itDtgdEIIHcqsndfTX2rQV2ju',NULL,NULL,NULL,0,NULL,NULL,NULL,NULL,'2012-03-17 00:10:42.937548','2012-03-17 00:10:42.937548','Dave','Pickering',NULL);
INSERT INTO "users" VALUES(259,'eddie.shuai@mailinator.com','$2a$10$gRk9oUauREOqQY8cbHLCKeocw5YV9H7uQOYnN9toh/sM0BpyBe3su',NULL,NULL,NULL,0,NULL,NULL,NULL,NULL,'2012-03-17 00:10:43.014212','2012-03-17 00:10:43.014212','Eddie','Shuai',NULL);
INSERT INTO "users" VALUES(260,'jeff.ramseyer@mailinator.com','$2a$10$uGYIucKjpDrr9ahfLNkgAeqLkeRU7WYRJEVOaHOIGPUtFyv3eNs3a',NULL,NULL,NULL,0,NULL,NULL,NULL,NULL,'2012-03-17 00:10:43.091090','2012-03-17 00:10:43.091090','Jeff','Ramseyer',NULL);
INSERT INTO "users" VALUES(261,'joe.ramseyer@mailinator.com','$2a$10$y73J8nAenGmeQtGFGyrYY.O9n1ygBeBaGXHicqe2qGpbzmdMXlS9C',NULL,NULL,NULL,0,NULL,NULL,NULL,NULL,'2012-03-17 00:10:43.164623','2012-03-17 00:10:43.164623','Joe','Ramseyer',NULL);
INSERT INTO "users" VALUES(262,'john.bonney@mailinator.com','$2a$10$43EW3Q8XfO3U6MIqdPTE7uL9q7Ut3AdWfHP9w/PmpgMcjM6wRnhfa',NULL,NULL,NULL,0,NULL,NULL,NULL,NULL,'2012-03-17 00:10:43.239659','2012-03-17 00:10:43.239659','John','Bonney',NULL);
INSERT INTO "users" VALUES(263,'john.short@mailinator.com','$2a$10$/vZrserdbs/TIrMa2vPM0eHb.YQlb.HDXxWs/uMtkEPR5F8Ey/sZe',NULL,NULL,NULL,0,NULL,NULL,NULL,NULL,'2012-03-17 00:10:43.315582','2012-03-17 00:10:43.315582','John','Short',NULL);
INSERT INTO "users" VALUES(264,'kurt.shotzberger@mailinator.com','$2a$10$ol1zgzSYSP7B5RybiSKe2eIOPQAzt0JYSxapiDpzHwvJn.x30gKAe',NULL,NULL,NULL,0,NULL,NULL,NULL,NULL,'2012-03-17 00:10:43.390709','2012-03-17 00:10:43.390709','Kurt','Shotzberger',NULL);
INSERT INTO "users" VALUES(265,'mark.bennett@mailinator.com','$2a$10$e58WKGzHZ4yIPP6s.LVTQu1QKJC0yD9CwrqzqjEkAsaZsPuogTCNC',NULL,NULL,NULL,0,NULL,NULL,NULL,NULL,'2012-03-17 00:10:43.469311','2012-03-17 00:10:43.469311','Mark','Bennett',NULL);
INSERT INTO "users" VALUES(266,'mark.hinshaw@mailinator.com','$2a$10$lCys02LQ4xWsNghMmtT25uqUXnyd6IQpbnzSRxNeXD3OPl7s49Vem',NULL,NULL,NULL,0,NULL,NULL,NULL,NULL,'2012-03-17 00:10:43.561109','2012-03-17 00:10:43.561109','Mark','Hinshaw',NULL);
INSERT INTO "users" VALUES(267,'matt.branda@mailinator.com','$2a$10$fWJcjg10PHqehvg68BH4Q.Mou99ULkWdiYnhOHs9VYyMbB9rka.jy',NULL,NULL,NULL,0,NULL,NULL,NULL,NULL,'2012-03-17 00:10:43.638188','2012-03-17 00:10:43.638188','Matt','Branda',NULL);
INSERT INTO "users" VALUES(268,'maury.pages@mailinator.com','$2a$10$QgRffsEg4JKf9id6LWQ4A.PYZtGL/EC1q/nZqWeEvqaajh1qWkwau',NULL,NULL,NULL,0,NULL,NULL,NULL,NULL,'2012-03-17 00:10:43.714808','2012-03-17 00:10:43.714808','Maury','Pages',NULL);
INSERT INTO "users" VALUES(269,'meredith.klemmer@mailinator.com','$2a$10$6q5DsQypa2AxYsSeVB1pNO.bZait9gkPk9HaakE6DijL/kKov3pgy',NULL,NULL,NULL,0,NULL,NULL,NULL,NULL,'2012-03-17 00:10:43.794361','2012-03-17 00:10:43.794361','Meredith','Klemmer',NULL);
INSERT INTO "users" VALUES(270,'mike.lawton@mailinator.com','$2a$10$5hoDJLXgPsQRnAyKZQIz6eYsAiAhyGNyTsJwRhndf4qUZqXSn9Fz6',NULL,NULL,NULL,0,NULL,NULL,NULL,NULL,'2012-03-17 00:10:43.868550','2012-03-17 00:10:43.868550','Mike','Lawton',NULL);
INSERT INTO "users" VALUES(271,'mike.ramseyer@mailinator.com','$2a$10$3/F0VWHm2TJZk2cHqk7Rzeg5mKNseNyFrjWnoyYQUmOs1ac8.7cY.',NULL,NULL,NULL,0,NULL,NULL,NULL,NULL,'2012-03-17 00:10:43.943415','2012-03-17 00:10:43.943415','Mike','Ramseyer',NULL);
INSERT INTO "users" VALUES(272,'moneil.patel@mailinator.com','$2a$10$.rlUhLrLehpv/nzAoQWLoe8ToMih1TC4GAznWhiMADk/yDub0mYO.',NULL,NULL,NULL,0,NULL,NULL,NULL,NULL,'2012-03-17 00:10:44.019534','2012-03-17 00:10:44.019534','Moneil','Patel',NULL);
INSERT INTO "users" VALUES(273,'nick.kavas@mailinator.com','$2a$10$wlwIZb0LPHoVmxO5f3LRC.IVsXs53A3jVT38dYJWsByjz0qDbLWg6',NULL,NULL,NULL,0,NULL,NULL,NULL,NULL,'2012-03-17 00:10:44.094942','2012-03-17 00:10:44.094942','Nick','Kavas',NULL);
INSERT INTO "users" VALUES(274,'patrick.cullen@mailinator.com','$2a$10$tSx7e.heXKur8DBU.eG/rO8IP7ClEA97HKQ2VOiB3udWKBBWb.Wn6',NULL,NULL,NULL,0,NULL,NULL,NULL,NULL,'2012-03-17 00:10:44.169414','2012-03-17 00:10:44.169414','Patrick','Cullen',NULL);
INSERT INTO "users" VALUES(275,'seth.bohart@mailinator.com','$2a$10$jsuX3JtWjlA88uIN.XJnh.wg7wtcYI5e0Qk/obO.XuCfYtTXLVhKa',NULL,NULL,NULL,0,NULL,NULL,NULL,NULL,'2012-03-17 00:10:44.244453','2012-03-17 00:10:44.244453','Seth','Bohart',NULL);
INSERT INTO "users" VALUES(276,'tony.paredes@mailinator.com','$2a$10$43/mOg2XUdzJiIoTWb4bYuRW6qsNsBtPgG4OEUfY.YsVUFN5fzaV6',NULL,NULL,NULL,0,NULL,NULL,NULL,NULL,'2012-03-17 00:10:44.319475','2012-03-17 00:10:44.319475','Tony','Paredes',NULL);
CREATE TABLE "teams" ("id" serial PRIMARY KEY  NOT NULL, "name" varchar(255), "school" varchar(255), "year" integer, "seed" integer, "region" varchar(255), "created_at" timestamp NOT NULL, "updated_at" timestamp NOT NULL, "user_team_id" integer, "round_drafted" integer, "wins" integer, "eliminated" boolean);
INSERT INTO "teams" VALUES(201,'','Kentucky',2012,1,'South','2012-03-17 00:10:44.368187','2012-09-05 21:48:51.203968',3,1,4,'f');
INSERT INTO "teams" VALUES(202,'','Western Kentucky',2012,16,'South','2012-03-17 00:10:44.372922','2012-03-17 03:14:32.948093',4,8,0,'t');
INSERT INTO "teams" VALUES(203,'','Iowa St.',2012,8,'South','2012-03-17 00:10:44.376243','2012-03-18 23:49:11.466947',7,6,1,'t');
INSERT INTO "teams" VALUES(204,'','Connecticut',2012,9,'South','2012-03-17 00:10:44.379141','2012-03-17 03:15:10.089036',6,4,0,'t');
INSERT INTO "teams" VALUES(205,'','Witchita St.',2012,5,'South','2012-03-17 00:10:44.381958','2012-03-17 03:16:22.239975',4,3,0,'t');
INSERT INTO "teams" VALUES(206,'','VCU',2012,12,'South','2012-03-17 00:10:44.384628','2012-03-19 00:01:57.378333',5,7,1,'t');
INSERT INTO "teams" VALUES(207,'','Indiana',2012,4,'South','2012-03-17 00:10:44.387618','2012-03-24 15:54:10.256591',3,3,2,'t');
INSERT INTO "teams" VALUES(208,'','New Mexico St.',2012,13,'South','2012-03-17 00:10:44.390112','2012-03-17 03:16:51.198268',9,6,0,'t');
INSERT INTO "teams" VALUES(209,'','UNLV',2012,6,'South','2012-03-17 00:10:44.392789','2012-03-17 03:17:09.393911',8,3,0,'t');
INSERT INTO "teams" VALUES(210,'','Colorado',2012,11,'South','2012-03-17 00:10:44.395593','2012-03-19 00:02:57.110302',5,6,1,'t');
INSERT INTO "teams" VALUES(211,'','Baylor',2012,3,'South','2012-03-17 00:10:44.398197','2012-03-25 22:49:17.135206',10,1,3,'t');
INSERT INTO "teams" VALUES(212,'','South Dakota St.',2012,14,'South','2012-03-17 00:10:44.400832','2012-03-18 01:03:21.554747',9,7,0,'t');
INSERT INTO "teams" VALUES(213,'','Notre Dame',2012,7,'South','2012-03-17 00:10:44.403375','2012-03-18 00:57:43.078067',5,4,0,'t');
INSERT INTO "teams" VALUES(214,'','Xavier',2012,10,'South','2012-03-17 00:10:44.406087','2012-03-24 15:56:03.031049',10,5,2,'t');
INSERT INTO "teams" VALUES(215,'','Duke',2012,2,'South','2012-03-17 00:10:44.408635','2012-03-18 01:00:35.704385',7,1,0,'t');
INSERT INTO "teams" VALUES(216,'','Lehigh',2012,15,'South','2012-03-17 00:10:44.411259','2012-03-19 15:11:27.348720',5,8,1,'t');
INSERT INTO "teams" VALUES(217,'','Michigan St.',2012,1,'West','2012-03-17 00:10:44.414322','2012-03-23 18:03:13.907947',5,1,2,'t');
INSERT INTO "teams" VALUES(218,'','LIU Brooklyn',2012,16,'West','2012-03-17 00:10:44.417514','2012-03-18 01:02:37.127203',8,8,0,'t');
INSERT INTO "teams" VALUES(219,'','Memphis',2012,8,'West','2012-03-17 00:10:44.420472','2012-03-18 01:03:09.997780',9,3,0,'t');
INSERT INTO "teams" VALUES(220,'','St. Louis',2012,9,'West','2012-03-17 00:10:44.423386','2012-03-19 00:04:12.394292',4,4,1,'t');
INSERT INTO "teams" VALUES(221,'','New Mexico',2012,5,'West','2012-03-17 00:10:44.426038','2012-03-19 00:04:25.629922',10,3,1,'t');
INSERT INTO "teams" VALUES(222,'','Long Beach St.',2012,12,'West','2012-03-17 00:10:44.442614','2012-03-17 22:43:16.643086',4,6,0,'t');
INSERT INTO "teams" VALUES(223,'','Louisville',2012,4,'West','2012-03-17 00:10:44.445313','2012-03-25 22:48:19.836099',6,2,4,'f');
INSERT INTO "teams" VALUES(224,'','Davidson',2012,13,'West','2012-03-17 00:10:44.448390','2012-03-18 01:01:28.994521',7,7,0,'t');
INSERT INTO "teams" VALUES(225,'','Murray St.',2012,6,'West','2012-03-17 00:10:44.452013','2012-03-19 00:04:52.887291',6,3,1,'t');
INSERT INTO "teams" VALUES(226,'','Colorado St.',2012,11,'West','2012-03-17 00:10:44.454824','2012-03-17 22:41:47.089975',3,6,0,'t');
INSERT INTO "teams" VALUES(227,'','Marquette',2012,3,'West','2012-03-17 00:10:44.458473','2012-03-23 18:05:38.069893',8,2,2,'t');
INSERT INTO "teams" VALUES(228,'','BYU',2012,14,'West','2012-03-17 00:10:44.461579','2012-03-18 01:04:24.443450',10,8,0,'t');
INSERT INTO "teams" VALUES(229,'','Florida',2012,7,'West','2012-03-17 00:10:44.464701','2012-03-25 19:20:10.162444',9,4,3,'t');
INSERT INTO "teams" VALUES(230,'','Virginia',2012,10,'West','2012-03-17 00:10:44.467757','2012-03-18 01:01:20.257693',7,5,0,'t');
INSERT INTO "teams" VALUES(231,'','Missouri',2012,2,'West','2012-03-17 00:10:44.470945','2012-03-18 01:01:43.944643',8,1,0,'t');
INSERT INTO "teams" VALUES(232,'','Norfolk St.',2012,15,'West','2012-03-17 00:10:44.474258','2012-03-19 15:09:31.059340',6,8,1,'t');
INSERT INTO "teams" VALUES(233,'','Syracuse',2012,1,'East','2012-03-17 00:10:44.477718','2012-03-25 19:21:06.559132',10,2,3,'t');
INSERT INTO "teams" VALUES(234,'','UNC Asheville',2012,16,'East','2012-03-17 00:10:44.480675','2012-03-18 01:03:32.689562',9,8,0,'t');
INSERT INTO "teams" VALUES(235,'','Kansas St.',2012,8,'East','2012-03-17 00:10:44.483481','2012-03-19 00:22:56.837260',8,4,1,'t');
INSERT INTO "teams" VALUES(236,'','Southern Miss.',2012,9,'East','2012-03-17 00:10:44.486427','2012-03-18 01:01:11.889721',7,3,0,'t');
INSERT INTO "teams" VALUES(237,'','Vanderbilt',2012,5,'East','2012-03-17 00:10:44.489263','2012-03-19 00:23:16.220314',4,2,1,'t');
INSERT INTO "teams" VALUES(238,'','Harvard',2012,12,'East','2012-03-17 00:10:44.492127','2012-03-17 22:41:59.806873',3,7,0,'t');
INSERT INTO "teams" VALUES(239,'','Wisconsin',2012,4,'East','2012-03-17 00:10:44.495070','2012-03-23 16:21:28.222339',5,2,2,'t');
INSERT INTO "teams" VALUES(240,'','Montana',2012,13,'East','2012-03-17 00:10:44.497949','2012-03-17 22:43:31.856551',4,7,0,'t');
INSERT INTO "teams" VALUES(241,'','Cincinnati',2012,6,'East','2012-03-17 00:10:44.500877','2012-03-23 18:04:23.255277',10,4,2,'t');
INSERT INTO "teams" VALUES(242,'','Texas',2012,11,'East','2012-03-17 00:10:44.503935','2012-03-18 00:59:49.092801',6,6,0,'t');
INSERT INTO "teams" VALUES(243,'','Florida St.',2012,3,'East','2012-03-17 00:10:44.506958','2012-03-19 15:10:45.935544',9,2,1,'t');
INSERT INTO "teams" VALUES(244,'','St. Bonaventure',2012,14,'East','2012-03-17 00:10:44.510269','2012-03-18 01:04:19.328165',10,7,0,'t');
INSERT INTO "teams" VALUES(245,'','Gonzaga',2012,7,'East','2012-03-17 00:10:44.513036','2012-03-19 00:23:44.586600',7,4,1,'t');
INSERT INTO "teams" VALUES(246,'','West Virginia',2012,10,'East','2012-03-17 00:10:44.515832','2012-03-18 01:02:13.258947',8,5,0,'t');
INSERT INTO "teams" VALUES(247,'','Ohio St.',2012,2,'East','2012-03-17 00:10:44.519073','2012-03-25 22:48:48.762556',6,1,4,'f');
INSERT INTO "teams" VALUES(248,'','Loyola Maryland',2012,15,'East','2012-03-17 00:10:44.521555','2012-03-18 01:01:37.319407',7,8,0,'t');
INSERT INTO "teams" VALUES(249,'','North Carolina',2012,1,'Midwest','2012-03-17 00:10:44.524293','2012-03-25 23:27:47.079596',4,1,3,'t');
INSERT INTO "teams" VALUES(250,'','Vermont',2012,16,'Midwest','2012-03-17 00:10:44.527874','2012-03-17 22:42:09.444181',3,8,0,'t');
INSERT INTO "teams" VALUES(251,'','Creighton',2012,8,'Midwest','2012-03-17 00:10:44.531030','2012-03-19 15:11:56.204278',3,4,1,'t');
INSERT INTO "teams" VALUES(252,'','Alabama',2012,9,'Midwest','2012-03-17 00:10:44.533973','2012-03-18 01:03:15.813819',9,5,0,'t');
INSERT INTO "teams" VALUES(253,'','Temple',2012,5,'Midwest','2012-03-17 00:10:44.537092','2012-03-18 00:57:32.363868',5,3,0,'t');
INSERT INTO "teams" VALUES(254,'','Southern Florida',2012,12,'Midwest','2012-03-17 00:10:44.542846','2012-03-19 15:12:22.419402',8,6,1,'t');
INSERT INTO "teams" VALUES(255,'','Michigan',2012,4,'Midwest','2012-03-17 00:10:44.546031','2012-03-17 22:41:04.780330',3,2,0,'t');
INSERT INTO "teams" VALUES(256,'','Ohio',2012,13,'Midwest','2012-03-17 00:10:44.551946','2012-03-24 15:53:16.488876',6,7,2,'t');
INSERT INTO "teams" VALUES(257,'','San Diego St.',2012,6,'Midwest','2012-03-17 00:10:44.555831','2012-03-17 22:42:51.116059',4,5,0,'t');
INSERT INTO "teams" VALUES(258,'','North Carolina St.',2012,11,'Midwest','2012-03-17 00:10:44.558914','2012-03-24 15:53:53.032562',6,5,2,'t');
INSERT INTO "teams" VALUES(259,'','Georgetown',2012,3,'Midwest','2012-03-17 00:10:44.562137','2012-03-19 00:24:51.296707',7,2,1,'t');
INSERT INTO "teams" VALUES(260,'','Belmont',2012,14,'Midwest','2012-03-17 00:10:44.567693','2012-03-18 01:04:30.112326',10,6,0,'t');
INSERT INTO "teams" VALUES(261,'','St. Mary''s',2012,7,'Midwest','2012-03-17 00:10:44.570827','2012-03-17 22:41:17.840703',3,5,0,'t');
INSERT INTO "teams" VALUES(262,'','Purdue',2012,10,'Midwest','2012-03-17 00:10:44.575649','2012-03-19 15:12:52.986667',5,5,1,'t');
INSERT INTO "teams" VALUES(263,'','Kansas',2012,2,'Midwest','2012-03-17 00:10:44.578617','2012-03-25 23:29:38.747561',9,1,4,'f');
INSERT INTO "teams" VALUES(264,'','Detriot',2012,15,'Midwest','2012-03-17 00:10:44.584061','2012-03-18 01:02:30.195163',8,7,0,'t');
CREATE TABLE "user_teams_users" ("user_team_id" integer, "user_id" integer);
INSERT INTO "user_teams_users" VALUES(1,2);
INSERT INTO "user_teams_users" VALUES(2,161);
INSERT INTO "user_teams_users" VALUES(2,162);
INSERT INTO "user_teams_users" VALUES(3,254);
INSERT INTO "user_teams_users" VALUES(3,250);
INSERT INTO "user_teams_users" VALUES(4,255);
INSERT INTO "user_teams_users" VALUES(4,259);
INSERT INTO "user_teams_users" VALUES(5,258);
INSERT INTO "user_teams_users" VALUES(5,249);
INSERT INTO "user_teams_users" VALUES(6,268);
INSERT INTO "user_teams_users" VALUES(6,266);
INSERT INTO "user_teams_users" VALUES(7,274);
INSERT INTO "user_teams_users" VALUES(8,272);
INSERT INTO "user_teams_users" VALUES(8,276);
INSERT INTO "user_teams_users" VALUES(9,271);
INSERT INTO "user_teams_users" VALUES(9,265);
INSERT INTO "user_teams_users" VALUES(10,260);
INSERT INTO "user_teams_users" VALUES(10,261);
INSERT INTO "user_teams_users" VALUES(7,273);
CREATE TABLE "user_teams" ("id" serial PRIMARY KEY  NOT NULL, "name" varchar(255), "year" integer, "created_at" timestamp NOT NULL, "updated_at" timestamp NOT NULL, "draft_position" integer);
INSERT INTO "user_teams" VALUES(3,'Goin'' Solo',2012,'2012-03-17 00:31:59.752326','2012-03-17 00:31:59.752326',1);
INSERT INTO "user_teams" VALUES(4,'2 Percent',2012,'2012-03-17 00:48:57.358935','2012-03-17 00:48:57.358935',2);
INSERT INTO "user_teams" VALUES(5,'Milk Men',2012,'2012-03-17 00:49:29.198230','2012-03-17 00:49:29.198230',3);
INSERT INTO "user_teams" VALUES(6,'Condoms for Alex',2012,'2012-03-17 00:49:56.035075','2012-03-17 00:49:56.035075',4);
INSERT INTO "user_teams" VALUES(7,'Very Heavy Metal',2012,'2012-03-17 00:50:31.480706','2012-03-17 00:50:31.480706',5);
INSERT INTO "user_teams" VALUES(8,'Frijoles Negro',2012,'2012-03-17 00:51:03.249139','2012-03-17 00:51:03.249139',6);
INSERT INTO "user_teams" VALUES(9,'Hayvin',2012,'2012-03-17 00:51:29.093456','2012-03-17 00:51:29.093456',6);
INSERT INTO "user_teams" VALUES(10,'My Nephew Vinny',2012,'2012-03-17 00:51:55.999930','2012-03-17 00:51:55.999930',8);
CREATE UNIQUE INDEX "unique_schema_migrations" ON "schema_migrations" ("version");
CREATE UNIQUE INDEX "index_models_on_email" ON "models" ("email");
CREATE UNIQUE INDEX "index_models_on_reset_password_token" ON "models" ("reset_password_token");
CREATE UNIQUE INDEX "index_users_on_email" ON "users" ("email");
CREATE UNIQUE INDEX "index_users_on_reset_password_token" ON "users" ("reset_password_token");
COMMIT;
